training_category,training_type,run,run_date,run_time,status,epoch,global_step,train_examples,validation_examples,train_runtime_s,train_steps_per_second,train_samples_per_second,train_loss,benchmark_size,valid_json_rate,response_type_accuracy,report_path
response,core,v1-native-byte-transformer-response-20260413-185142,2026-04-13,18:51:42,completed,30.0,8130,1084,61,262.85120350000034,30.93004670225902,123.72018680903608,0.4631561040878296,61,1.0,0.6721311475409836,C:\Users\jhand\Documents\Github\AiLanguageCore\experiments\benchmark_report-v1-native-byte-transformer-response-20260413-185142.json
response,core,v1-native-byte-transformer-response-20260413-184253,2026-04-13,18:42:53,completed,30.0,8130,1084,61,267.8219570000001,30.35598757871819,121.42395031487276,0.4662039875984192,61,1.0,0.6721311475409836,C:\Users\jhand\Documents\Github\AiLanguageCore\experiments\benchmark_report-v1-native-byte-transformer-response-20260413-184253.json
response,core,v1-native-byte-transformer-response-20260413-183908,2026-04-13,18:39:08,completed,12.0,3252,1084,61,109.26255909999963,29.763168891401254,119.05267556560501,1.2777276039123535,,,,
response,core,v1-native-byte-transformer-response-20260413-183531,2026-04-13,18:35:31,completed,12.0,2196,729,61,70.76943530000062,31.030345101538217,123.61268622416043,1.2985135316848755,61,1.0,0.4426229508196721,
category_prediction,core,v1-native-byte-transformer-smoke-20260413-183412,2026-04-13,18:34:12,completed,1.0,46,729,61,1.9125414000000092,24.051766931685652,381.16821941736606,3.6492128372192383,61,1.0,0.2459016393442623,
response,core,v1-native-byte-transformer-response-20260412-221524,2026-04-12,22:15:24,completed,12.0,2196,729,61,693.9839374999283,3.164338367702101,12.605479071337879,1.3168282508850098,61,1.0,0.4918032786885246,
response,core,v1-native-byte-transformer-response-20260412-215629,2026-04-12,21:56:29,completed,12.0,2268,755,61,715.3748874000739,3.1703656920956735,12.664688346731396,204.631103515625,61,0.0,0.2459016393442623,
response,core,v1-native-byte-transformer-response-20260412-213609,2026-04-12,21:36:09,completed,12.0,2196,729,61,686.1321447999217,3.2005496559855255,12.749730596794798,1.3167918920516968,61,1.0,0.4918032786885246,
response,core,v1-native-byte-transformer-response-20260412-210625,2026-04-12,21:06:25,completed,12.0,2196,729,61,689.6946782999439,3.184017608216158,12.683873422893875,1.316807746887207,61,0.0,0.6065573770491803,
full_response,core,v1-native-byte-transformer-full-response-20260412-200016,2026-04-12,20:00:16,completed,12.0,2196,729,61,792.5507023999235,2.7708006482743506,11.037779631650283,1.1967893838882446,61,0.0,0.4426229508196721,
full_response,core,v1-native-byte-transformer-full-response-20260412-184326,2026-04-12,18:43:26,completed,12.0,2196,729,61,801.9454301999649,2.7383409360564945,10.908472909208658,1.1967891454696655,61,0.0,0.4426229508196721,
full_response,core,v1-native-byte-transformer-full-response-20260412-112430,2026-04-12,11:24:30,training,1.6667,305,729,61,116.10125569999218,2.627017237333985,75.34802226950065,0.24489344656467438,,,,
full_response,core,v1-native-byte-transformer-full-response-20260412-110115,2026-04-12,11:01:15,completed,12.0,2196,729,61,794.3660556999967,2.7644685774807956,11.012555152915299,0.08059229701757431,61,0.5081967213114754,0.45901639344262296,
full_response,core,v1-native-byte-transformer-full-response-20260412-103502,2026-04-12,10:35:02,completed,12.0,2196,729,61,795.172067000065,2.76166642558864,11.001392482262943,0.07793795317411423,61,0.0,0.45901639344262296,
full_response,core,v1-native-byte-transformer-full-response-20260412-101358,2026-04-12,10:13:58,completed,12.0,2196,729,61,794.9788304000394,2.7623377076531157,11.004066605896838,0.0650024265050888,61,0.9508196721311475,0.8688524590163934,
full_response,core,v1-native-byte-transformer-full-response-20260412-095350,2026-04-12,09:53:50,completed,12.0,2196,729,61,794.2891409998992,2.764736273790099,11.013621549688427,0.1535218060016632,61,0.9836065573770492,0.9180327868852459,
full_response,core,v1-native-byte-transformer-full-response-20260412-093336,2026-04-12,09:33:36,completed,12.0,2196,729,61,793.8873247000156,2.766135611032457,11.019195958703065,0.17053468525409698,61,0.9836065573770492,0.9016393442622951,
full_response,core,v1-native-byte-transformer-full-response-20260412-091250,2026-04-12,09:12:50,completed,12.0,2196,729,61,794.2894236999564,2.764735289777119,11.013617629767868,0.2904013693332672,61,0.9836065573770492,0.8688524590163934,
full_response,core,v1-native-byte-transformer-full-response-20260412-085321,2026-04-12,08:53:21,completed,12.0,2196,729,61,795.5758016000036,2.7602649497176337,10.995809553793196,0.22261235117912292,61,1.0,0.8688524590163934,
full_response,core,v1-native-byte-transformer-full-response-20260412-083411,2026-04-12,08:34:11,completed,12.0,2196,729,61,796.0575837000506,2.7585944094559856,10.989154778652534,0.2867033779621124,61,0.9508196721311475,0.8852459016393442,
full_response,core,v1-native-byte-transformer-full-response-20260412-081442,2026-04-12,08:14:42,completed,12.0,2196,729,61,796.9582665000344,2.7554767825473148,10.976735379655695,0.3009376525878906,61,0.9836065573770492,0.8852459016393442,
full_response,core,v1-native-byte-transformer-full-response-20260412-075538,2026-04-12,07:55:38,completed,12.0,2196,729,61,796.3936552000232,2.7574303055546694,10.984517446717781,0.276111900806427,61,0.9836065573770492,0.8688524590163934,
full_response,core,v1-native-byte-transformer-full-response-20260412-074250,2026-04-12,07:42:50,completed,6.0,1098,729,61,399.2736261000391,2.749993809320361,10.95489337155488,0.32520991563796997,61,0.9508196721311475,0.8032786885245902,
full_response,core,v1-native-byte-transformer-full-response-20260412-072334,2026-04-12,07:23:34,completed,12.0,2196,729,61,794.4353183000349,2.7642275581341105,11.01159502666539,0.2645778954029083,61,1.0,0.8688524590163934,
full_response,core,v1-native-byte-transformer-full-response-20260412-070429,2026-04-12,07:04:29,completed,12.0,2196,729,61,793.0539819999831,2.769042271828662,11.0307749517109,0.2878689765930176,61,0.9672131147540983,0.8524590163934426,
full_response,core,v1-native-byte-transformer-full-response-20260412-064408,2026-04-12,06:44:08,completed,12.0,2196,729,61,794.220170799992,2.7649763639068006,11.014577974251681,0.26060134172439575,61,0.9672131147540983,0.8360655737704918,
full_response,core,v1-native-byte-transformer-full-response-20260412-062402,2026-04-12,06:24:02,completed,12.0,2196,729,61,796.1219067999627,2.7583715273291394,10.988266903950507,0.32375431060791016,61,0.8852459016393442,0.819672131147541,
full_response,core,v1-native-byte-transformer-full-response-20260412-060051,2026-04-12,06:00:51,completed,12.0,2196,729,61,809.7348625999875,2.711998830022999,10.803536322878504,0.16719496250152588,61,0.9836065573770492,0.8852459016393442,
full_response,core,v1-native-byte-transformer-full-response-20260412-053936,2026-04-12,05:39:36,completed,12.0,2196,729,61,803.6635289000114,2.73248681946001,10.885152411947253,0.10633872449398041,61,1.0,0.8852459016393442,
full_response,core,v1-native-byte-transformer-full-response-20260412-051849,2026-04-12,05:18:49,completed,12.0,2196,729,61,800.2260244999779,2.744224672488217,10.931911400239947,0.16719499230384827,61,0.9836065573770492,0.8852459016393442,
full_response,core,v1-native-byte-transformer-full-response-20260412-045733,2026-04-12,04:57:33,completed,12.0,2196,729,61,797.995717599988,2.7518944670587704,10.962464844184938,0.1671949326992035,61,0.9836065573770492,0.8852459016393442,
full_response,core,v1-native-byte-transformer-full-response-20260412-043728,2026-04-12,04:37:28,completed,12.0,2196,729,61,811.2244480000809,2.7070190073953255,10.78369866880433,0.22384531795978546,61,1.0,0.8852459016393442,
full_response,core,v1-native-byte-transformer-full-response-20260412-041647,2026-04-12,04:16:47,completed,12.0,2196,729,61,798.9297911999747,2.748677072989927,10.949648012074627,0.30849283933639526,61,0.9180327868852459,0.8852459016393442,
full_response,core,v1-native-byte-transformer-full-response-20260412-035709,2026-04-12,03:57:09,completed,12.0,2196,729,61,797.4494608000387,2.7537795282937054,10.969974186481481,0.39274513721466064,61,0.9672131147540983,0.819672131147541,
full_response,core,v1-native-byte-transformer-full-response-20260412-033549,2026-04-12,03:35:49,completed,12.0,2196,729,61,800.5657218999695,2.7430602384377254,10.927272753120775,0.48250994086265564,61,0.9508196721311475,0.8032786885245902,
full_response,core,v1-native-byte-transformer-full-response-20260412-031501,2026-04-12,03:15:01,completed,12.0,2196,729,61,804.6762219999218,2.729047957378581,10.871453338409756,0.6445573568344116,61,0.9836065573770492,0.6721311475409836,
full_response,core,v1-native-byte-transformer-full-response-20260412-025519,2026-04-12,02:55:19,completed,12.0,2196,729,61,797.0732502000174,2.7550792846817234,10.975151904551783,0.614484965801239,61,1.0,0.7868852459016393,
full_response,core,v1-native-byte-transformer-full-response-20260412-025409,2026-04-12,02:54:09,failed,0.0055,33,729,61,2.293940100003965,0.4359311736162036,3813.525906794549,8.369699478149414,,,,
full_response,core,v1-native-byte-transformer-full-response-20260412-023000,2026-04-12,02:30:00,completed,12.0,2196,729,61,891.0728073000209,2.4644450846322536,9.817379599436682,0.6357284188270569,61,0.9672131147540983,0.6885245901639344,
full_response,core,v1-native-byte-transformer-full-response-20260412-022931,2026-04-12,02:29:31,initializing,0.0,0,,,0.0,,,,,,,
full_response,core,v1-native-byte-transformer-full-response-20260412-020325,2026-04-12,02:03:25,completed,12.0,2196,729,61,888.1877960999263,2.472450094048508,9.849268407439139,0.7062646150588989,61,0.4262295081967213,0.18032786885245902,
category_prediction,core,v1-native-byte-transformer-category-prediction-20260412-012834,2026-04-12,01:28:34,completed,50.0,9150,729,61,2013.0074688000605,4.545437680593531,18.107235350561112,5.13678569404874e-05,61,1.0,1.0,
full_response,core,v1-native-byte-transformer-full-response-20260412-000823,2026-04-12,00:08:23,completed,50.0,9150,729,61,3501.4394506999524,2.613210974752363,10.410004374833182,0.1673549860715866,61,0.8032786885245902,0.7377049180327869,
full_response,core,v1-native-byte-transformer-full-response-20260411-225017,2026-04-11,22:50:17,completed,60.0,10980,729,61,4193.06379689998,2.6186102887625378,10.431513117529454,0.11540934443473816,61,0.8032786885245902,0.8360655737704918,
full_response,core,v1-native-byte-transformer-full-response-20260411-192836,2026-04-11,19:28:36,completed,100.0,18100,723,61,6986.746966600069,2.5906190801708577,10.3481635080858,0.018912959843873978,61,0.8032786885245902,0.9016393442622951,
full_response,core,v1-native-byte-transformer-full-response-20260411-141522,2026-04-11,14:15:22,completed,30.0,5430,723,61,2182.376890399959,2.4881128570807296,9.938704948449544,0.4184768795967102,61,0.5081967213114754,0.45901639344262296,
category_prediction,stress_v2,v1-native-byte-transformer-stress-v2-20260411-043740,2026-04-11,04:37:40,completed,30.0,5430,723,61,1289.0709182999562,4.212336127449959,16.826071934510058,6.753980414941907e-05,24,1.0,1.0,C:\Users\jhand\Documents\Github\AiLanguageCore\experiments\benchmark_report-v1-native-byte-transformer-stress-v2-20260411-043740.json
category_prediction,stress_v2,v1-native-byte-transformer-stress-v2-20260411-041405,2026-04-11,04:14:05,completed,30.0,5400,719,61,1274.0235127999913,4.2385402983121745,16.930613747146964,0.00016582482203375548,24,0.9583333333333334,0.9166666666666666,C:\Users\jhand\Documents\Github\AiLanguageCore\experiments\benchmark_report-v1-native-byte-transformer-stress-v2-20260411-041405.json
category_prediction,stress_v2,v1-native-byte-transformer-stress-v2-20260411-035057,2026-04-11,03:50:57,completed,30.0,5340,711,61,1256.3775627999566,4.250314680962069,16.97738055148332,0.00043507470400072634,24,1.0,0.9583333333333334,C:\Users\jhand\Documents\Github\AiLanguageCore\experiments\benchmark_report-v1-native-byte-transformer-stress-v2-20260411-035057.json
category_prediction,stress_v2,v1-native-byte-transformer-stress-v2-20260411-032659,2026-04-11,03:26:59,completed,30.0,5340,711,61,1237.4747014000313,4.315239732948503,17.236716011945987,7.11771790520288e-05,24,1.0,0.9166666666666666,C:\Users\jhand\Documents\Github\AiLanguageCore\experiments\benchmark_report-v1-native-byte-transformer-stress-v2-20260411-032659.json
category_prediction,stress_v2,v1-native-byte-transformer-stress-v2-20260411-030458,2026-04-11,03:04:58,completed,30.0,5310,707,61,1204.2667974000215,4.40932193054242,17.612376298833283,0.02171511948108673,24,1.0,0.9583333333333334,C:\Users\jhand\Documents\Github\AiLanguageCore\experiments\benchmark_report-v1-native-byte-transformer-stress-v2-20260411-030458.json
category_prediction,stress_v2,v1-native-byte-transformer-stress-v2-20260411-024217,2026-04-11,02:42:17,completed,30.0,5280,703,61,1228.4584455000004,4.298069681836868,17.16785787688249,0.00012934357800986618,24,1.0,0.9166666666666666,C:\Users\jhand\Documents\Github\AiLanguageCore\experiments\benchmark_report-v1-native-byte-transformer-stress-v2-20260411-024217.json
category_prediction,stress_v2,v1-native-byte-transformer-stress-v2-20260411-022206,2026-04-11,02:22:06,completed,10.0,1740,695,61,387.5393827999942,4.489866261922596,17.933661218598875,0.025844475254416466,24,0.9583333333333334,0.8333333333333334,C:\Users\jhand\Documents\Github\AiLanguageCore\experiments\benchmark_report-v1-native-byte-transformer-stress-v2-20260411-022206.json
category_prediction,stress_v2,v1-native-byte-transformer-stress-v2-20260411-021131,2026-04-11,02:11:31,completed,10.0,1740,694,61,460.7382045999984,3.7765481191442007,15.06278387750618,0.004855648148804903,24,1.0,0.9583333333333334,C:\Users\jhand\Documents\Github\AiLanguageCore\experiments\benchmark_report-v1-native-byte-transformer-stress-v2-20260411-021131.json
category_prediction,stress_v2,v1-native-byte-transformer-stress-v2-20260411-020616,2026-04-11,02:06:16,completed,10.0,1740,694,61,686.3894496999565,2.535003999202802,10.110878019808876,0.0011932686902582645,24,0.9583333333333334,0.9166666666666666,C:\Users\jhand\Documents\Github\AiLanguageCore\experiments\benchmark_report-v1-native-byte-transformer-stress-v2-20260411-020616.json
category_prediction,stress_v2,v1-native-byte-transformer-stress-v2-20260411-020311,2026-04-11,02:03:11,training,0.0057,1,694,61,0.5621891000191681,1.7787609186409066,61723.00387683946,4.406125545501709,,,,
category_prediction,stress_v2,v1-native-byte-transformer-stress-v2-20260411-020126,2026-04-11,02:01:26,training,0.1609,28,694,61,7.093161199998576,3.947464213841019,4892.036007867263,1.2700307369232178,,,,
category_prediction,stress_v2,v1-native-byte-transformer-stress-v2-20260411-014902,2026-04-11,01:49:02,completed,10.0,1720,688,61,373.1996635000105,4.608793008732045,18.43517203492818,0.006677030585706234,24,1.0,0.8333333333333334,C:\Users\jhand\Documents\Github\AiLanguageCore\experiments\benchmark_report-v1-native-byte-transformer-stress-v2-20260411-014902.json
category_prediction,stress_v2,v1-native-byte-transformer-stress-v2-20260411-014743,2026-04-11,01:47:43,failed,0.1628,33,688,61,4.720904600049835,5.931066685758578,1457.347814214965,41060933632.0,,,,
category_prediction,stress_v2,v1-native-byte-transformer-stress-v2-20260411-014707,2026-04-11,01:47:07,failed,0.0,1,688,61,0.621496,1.6090208142932536,0.0,,,,,
category_prediction,stress_v2,v1-native-byte-transformer-stress-v2-20260411-014659,2026-04-11,01:46:59,failed,0.0,1,688,61,0.662,1.510574018126888,0.0,,,,,
category_prediction,stress_v2,v1-native-byte-transformer-stress-v2-20260411-014631,2026-04-11,01:46:31,failed,0.0,1,688,61,0.607999,1.6447395472689923,0.0,,,,,
category_prediction,stress_v2,v1-native-byte-transformer-stress-v2-20260411-014338,2026-04-11,01:43:38,training,0.436,75,688,61,17.01457290002145,4.40798605058758,2021.7962685361697,1.1464803218841553,,,,
category_prediction,stress_v2,v1-native-byte-transformer-stress-v2-20260411-002850,2026-04-11,00:28:50,training,0.1628,28,688,61,7.513050300010946,3.7268484679197753,4578.699546301438,1.5484545230865479,,,,
category_prediction,stress_v2,v1-native-byte-transformer-stress-v2-20260411-001449,2026-04-11,00:14:49,training,6.25,1075,688,61,251.46565159998136,4.274937722747339,136.79800712791484,0.009399468079209328,,,,
category_prediction,stress_v2,v1-native-byte-transformer-stress-v2-20260411-001317,2026-04-11,00:13:17,training,0.8721,150,688,61,36.121491400001105,4.152652456647884,952.3416300579147,1.2816013097763062,,,,
category_prediction,stress_v2,v1-native-byte-transformer-stress-v2-20260410-235124,2026-04-10,23:51:24,training,9.4477,1625,688,61,385.06876570003806,4.220025472712183,89.33469308387637,0.04106046259403229,,,,
category_prediction,stress_v2,v1-native-byte-transformer-stress-v2-20260410-193512,2026-04-10,19:35:12,completed,50.0,8600,688,61,1975.1751553000067,4.354044235987647,17.41617694395059,0.0001540950615890324,,,,
category_prediction,stress_v2,v1-native-byte-transformer-stress-v2-20260410-010938,2026-04-10,01:09:38,completed,50.0,8550,682,61,1928.5648842999944,4.433348377129333,17.68154148071465,0.00031065166695043445,,,,
category_prediction,stress,v1-native-byte-transformer-stress-20260410-001955,2026-04-10,00:19:55,completed,50.0,8550,682,61,1896.379896199971,4.508590297298961,17.981629138935038,5.07585791638121e-05,44,1.0,1.0,
unknown,core,v1-native-byte-transformer-20260409-064838,2026-04-09,06:48:38,completed,50.0,8450,674,61,2410.356687,3.5057052118361436,13.981333211701543,8.243133197538555e-05,61,1.0,1.0,
unknown,core,v1-native-byte-transformer-20260409-061251,2026-04-09,06:12:51,completed,50.0,8350,668,61,1911.588515,4.368094877364337,17.472379509457348,0.014732829295098782,61,1.0,1.0,
unknown,core,v1-native-byte-transformer-20260409-053839,2026-04-09,05:38:39,completed,50.0,8350,668,61,1914.61688,4.361185826377964,17.444743305511857,4.742313831229694e-05,61,1.0,0.9672131147540983,
unknown,core,v1-native-byte-transformer-20260409-050340,2026-04-09,05:03:40,completed,50.0,8350,666,61,1923.299956,4.341496485741094,17.313991973075257,5.256805525277741e-05,61,1.0,0.9836065573770492,
unknown,core,v1-native-byte-transformer-20260409-042931,2026-04-09,04:29:31,completed,50.0,8300,662,61,1916.537594,4.330726423517263,17.270728267279686,4.291374716558494e-05,61,1.0,0.9672131147540983,
unknown,core,v1-native-byte-transformer-20260409-035423,2026-04-09,03:54:23,completed,50.0,8250,659,61,1926.033713,4.283414119034167,17.107696390566762,2.2216472643776797e-05,61,1.0,0.9508196721311475,
unknown,core,v1-native-byte-transformer-20260409-031956,2026-04-09,03:19:56,completed,50.0,8200,653,61,1903.882924,4.306987523566864,17.149163737129037,3.4416541893733665e-05,61,1.0,0.9836065573770492,
unknown,core,v1-native-byte-transformer-20260409-024352,2026-04-09,02:43:52,completed,50.0,8150,649,61,1888.671794,4.315201839669132,17.181386465921882,0.00020324693468865007,61,1.0,1.0,
unknown,core,v1-native-byte-transformer-20260409-020931,2026-04-09,02:09:31,completed,50.0,8100,646,61,1884.83271,4.297463619463608,17.1367993714413,0.0003207503177691251,61,1.0,0.9836065573770492,
unknown,core,v1-native-byte-transformer-20260409-013607,2026-04-09,01:36:07,completed,50.0,8000,640,61,1867.007386,4.284932164697928,17.13972865879171,6.468330684583634e-05,61,1.0,1.0,
unknown,core,v1-native-byte-transformer-20260409-010347,2026-04-09,01:03:47,completed,50.0,7950,636,61,1768.991532,4.494085955861998,17.97634382344799,8.152500231517479e-05,61,1.0,0.9672131147540983,
unknown,core,v1-native-byte-transformer-20260409-003143,2026-04-09,00:31:43,completed,50.0,7950,634,61,1780.103085,4.466033493784996,17.80795745320558,6.446889165090397e-05,61,1.0,0.9672131147540983,
unknown,core,v1-native-byte-transformer-20260408-231927,2026-04-08,23:19:27,completed,50.0,7900,630,61,1855.186482,4.258332020338643,16.97942514438826,2.788518941088114e-05,61,1.0,0.9344262295081968,
unknown,core,v1-native-byte-transformer-20260408-222817,2026-04-08,22:28:17,completed,50.0,7900,630,61,1727.001645,4.574402128030399,18.23970468771615,5.522192805074155e-05,61,1.0,0.9508196721311475,
unknown,core,v1-native-byte-transformer-20260408-215455,2026-04-08,21:54:55,completed,50.0,7850,625,61,1732.174408,4.531876215088382,18.040908499555663,3.0427221645368263e-05,61,1.0,0.9180327868852459,
unknown,core,v1-native-byte-transformer-20260408-205740,2026-04-08,20:57:40,completed,30.0,4590,610,61,972.511121,4.719740371997247,18.817265535413863,8.156213880283758e-05,61,1.0,0.9180327868852459,
unknown,core,v1-native-byte-transformer-20260408-171023,2026-04-08,17:10:23,completed,30.0,4590,610,61,1020.190491,4.499159755450024,17.93782647597722,0.0004048963310196996,61,0.9836065573770492,0.9016393442622951,
unknown,core,v1-native-byte-transformer-20260408-154229,2026-04-08,15:42:29,completed,100.0,15200,608,61,3441.688384,4.4164370227888705,17.665748091155482,2.074877374980133e-05,61,1.0,0.9672131147540983,
unknown,core,v1-native-byte-transformer-20260408-151923,2026-04-08,15:19:23,completed,6.0,912,608,61,213.130281,4.279072854973621,17.116291419894484,0.09330771118402481,61,0.9836065573770492,0.6557377049180327,
unknown,core,v1-native-byte-transformer-20260408-150732,2026-04-08,15:07:32,completed,6.0,912,608,61,229.226035,3.978605658820561,15.914422635282245,0.09362615644931793,61,0.9836065573770492,0.6557377049180327,
unknown,core,v1-native-byte-transformer-20260408-143144,2026-04-08,14:31:44,completed,30.0,4560,608,61,1001.382435,4.553704799106048,18.21481919642419,0.0001244873128598556,61,1.0,0.9672131147540983,
unknown,core,v1-native-byte-transformer-20260408-142440,2026-04-08,14:24:40,completed,6.0,912,608,61,215.849325,4.225169571412836,16.900678285651345,0.09373392164707184,61,0.9836065573770492,0.6557377049180327,
unknown,core,v1-native-byte-transformer-20260408-113704,2026-04-08,11:37:04,completed,6.0,876,584,61,212.054735,4.131008911449207,16.52403564579683,0.15233097970485687,61,0.8688524590163934,0.6065573770491803,
unknown,core,v1-native-byte-transformer-20260408-112921,2026-04-08,11:29:21,completed,6.0,888,589,61,200.513191,4.428636318495375,17.624775618876864,0.04745585098862648,61,1.0,0.6557377049180327,
unknown,core,v1-native-byte-transformer-20260408-112232,2026-04-08,11:22:32,completed,6.0,888,589,61,199.666935,4.447406377024819,17.69947537883526,0.0505845807492733,61,0.9836065573770492,0.6885245901639344,
unknown,core,v1-native-byte-transformer-20260408-111602,2026-04-08,11:16:02,completed,6.0,870,580,61,196.814917,4.420396651133918,17.68158660453567,0.041702259331941605,61,1.0,0.7377049180327869,
unknown,core,v1-native-byte-transformer-20260408-105250,2026-04-08,10:52:50,completed,6.0,864,573,61,207.788742,4.1580693529584964,16.545650966980684,0.02967650443315506,61,1.0,0.7540983606557377,
unknown,core,v1-native-byte-transformer-20260408-104354,2026-04-08,10:43:54,completed,6.0,852,566,61,202.474545,4.207936360592884,16.77247873306741,0.01435224898159504,61,1.0,0.7213114754098361,
unknown,core,v1-native-byte-transformer-20260408-103629,2026-04-08,10:36:29,completed,6.0,846,562,60,199.935383,4.231367091236672,16.86544897358163,0.14195570349693298,61,0.9508196721311475,0.7868852459016393,
unknown,core,v1-native-byte-transformer-20260408-103015,2026-04-08,10:30:15,completed,6.0,834,556,60,198.137469,4.209198816403575,16.8367952656143,0.023397907614707947,61,0.8688524590163934,0.7213114754098361,
unknown,core,v1-native-byte-transformer-20260408-102322,2026-04-08,10:23:22,completed,6.0,870,580,60,206.508449,4.212902688548109,16.851610754192436,0.031198782846331596,61,0.8852459016393442,0.6721311475409836,
unknown,core,v1-native-byte-transformer-20260408-101636,2026-04-08,10:16:36,completed,6.0,852,568,60,202.230919,4.213005628481568,16.852022513926272,0.09044765681028366,61,1.0,0.7540983606557377,
unknown,core,v1-native-byte-transformer-20260408-100929,2026-04-08,10:09:29,completed,6.0,834,554,59,199.090771,4.1890440014419354,16.695901991358504,0.036198802292346954,61,0.9016393442622951,0.6885245901639344,
unknown,core,v1-native-byte-transformer-20260408-100229,2026-04-08,10:02:29,completed,6.0,816,542,59,188.481678,4.329333273444223,17.25366642799095,0.04292161390185356,61,0.9344262295081968,0.5409836065573771,
unknown,core,v1-native-byte-transformer-20260408-095625,2026-04-08,09:56:25,completed,6.0,804,535,58,182.817168,4.397836422014808,17.558526013268075,0.0336812324821949,61,1.0,0.5573770491803278,
unknown,core,v1-native-byte-transformer-20260408-094822,2026-04-08,09:48:22,completed,6.0,804,533,58,187.964928,4.277393706127986,17.013812278852363,0.009610929526388645,61,0.9672131147540983,0.5737704918032787,
unknown,core,v1-native-byte-transformer-20260408-004257,2026-04-08,00:42:57,completed,6.0,804,533,58,208.937518,3.8480403505128264,15.306011244950271,0.009598148986697197,61,0.9672131147540983,0.5737704918032787,
unknown,core,v1-native-byte-transformer-20260408-003604,2026-04-08,00:36:04,completed,6.0,798,529,57,207.663833,3.842749064542211,15.284317707840826,0.03393561393022537,61,1.0,0.639344262295082,
unknown,core,v1-native-byte-transformer-20260408-002916,2026-04-08,00:29:16,completed,6.0,804,533,57,219.116365,3.669283213967154,14.594984724212635,0.0117247449234128,61,0.9180327868852459,0.5245901639344263,
unknown,core,v1-native-byte-transformer-20260408-002124,2026-04-08,00:21:24,completed,6.0,804,533,57,197.965101,4.061321899358412,16.154362480283837,0.01172084640711546,61,0.9180327868852459,0.5245901639344263,
unknown,core,v1-native-byte-transformer-20260408-001434,2026-04-08,00:14:34,completed,6.0,786,523,56,195.455188,4.021382128777263,16.054830941606934,0.05188876762986183,61,1.0,0.5737704918032787,
unknown,core,v1-native-byte-transformer-20260408-000823,2026-04-08,00:08:23,completed,6.0,768,509,55,193.735392,3.9641698508035126,15.763769172335843,0.18347802758216858,61,0.9508196721311475,0.6065573770491803,
unknown,core,v1-native-byte-transformer-20260408-000003,2026-04-08,00:00:03,completed,6.0,750,498,54,192.796045,3.890121293722597,15.498243234190827,0.24214757978916168,61,0.8360655737704918,0.5409836065573771,
unknown,core,v1-native-byte-transformer-20260407-235525,2026-04-07,23:55:25,completed,6.0,750,498,54,180.276101,4.160285228267722,16.574576349418606,0.24215102195739746,61,0.8360655737704918,0.5409836065573771,
unknown,core,v1-native-byte-transformer-20260407-234921,2026-04-07,23:49:21,completed,6.0,750,498,54,183.04963,4.0972494727249655,16.32344189933626,0.24215175211429596,61,0.8360655737704918,0.5409836065573771,
unknown,core,v1-native-byte-transformer-20260407-234034,2026-04-07,23:40:34,completed,6.0,750,498,54,183.29756,4.091707494633316,16.301362658619134,0.242148756980896,61,0.8360655737704918,0.5409836065573771,
unknown,core,v1-native-byte-transformer-20260407-232403,2026-04-07,23:24:03,completed,6.0,750,498,54,179.444293,4.179570090869371,16.651407242023573,0.24214553833007812,61,0.8360655737704918,0.5409836065573771,
unknown,core,v1-native-byte-transformer-20260407-231552,2026-04-07,23:15:52,completed,6.0,750,498,54,182.355441,4.112846843983119,16.385581826428748,0.2421489655971527,61,0.8360655737704918,0.5409836065573771,
unknown,core,v1-native-byte-transformer-20260407-230050,2026-04-07,23:00:50,completed,6.0,726,482,52,175.786047,4.130020626722438,16.451817703142275,0.023838266730308533,61,0.9180327868852459,0.4262295081967213,
unknown,core,v1-native-byte-transformer-20260407-225130,2026-04-07,22:51:30,completed,6.0,726,482,52,217.613396,3.3361916745235667,13.289623034052555,4.286087512969971,61,0.0,0.0,
unknown,core,v1-native-byte-transformer-20260407-224528,2026-04-07,22:45:28,completed,6.0,726,482,52,172.326368,4.212936235039782,16.78210963048905,0.023834818974137306,61,0.9180327868852459,0.4262295081967213,
unknown,core,v1-native-byte-transformer-20260407-224123,2026-04-07,22:41:23,completed,6.0,726,482,52,175.392363,4.139290831038066,16.48874529388717,0.023851001635193825,61,0.9180327868852459,0.4262295081967213,
unknown,core,v1-native-byte-transformer-20260407-222929,2026-04-07,22:29:29,completed,6.0,684,455,48,166.067814,4.118799323750959,16.43906747637444,0.2772495746612549,61,0.8360655737704918,0.4262295081967213,
unknown,core,v1-native-byte-transformer-20260407-222417,2026-04-07,22:24:17,completed,6.0,684,455,48,165.021719,4.144908949833446,16.54327694889665,0.2772514820098877,61,0.8360655737704918,0.4262295081967213,
unknown,core,v1-native-byte-transformer-20260407-221841,2026-04-07,22:18:41,completed,6.0,684,455,48,248.973674,2.747278413058242,10.965014718785088,0.27725642919540405,61,0.8360655737704918,0.4262295081967213,
unknown,core,v1-native-byte-transformer-20260407-221625,2026-04-07,22:16:25,completed,4.0,228,455,48,53.473337,4.263807212929315,34.03565406811997,0.9460027813911438,61,0.21311475409836064,0.08196721311475409,
unknown,core,v1-native-byte-transformer-20260407-221434,2026-04-07,22:14:34,completed,4.0,116,455,48,27.937036,4.152194241364761,65.14649585589538,1.529248595237732,61,0.06557377049180328,0.04918032786885246,
unknown,core,v1-native-byte-transformer-20260407-221150,2026-04-07,22:11:50,completed,4.0,116,455,48,38.783879,2.9909334236526472,46.92671406075705,1.1213998794555664,61,0.26229508196721313,0.04918032786885246,
unknown,core,v1-native-byte-transformer-20260407-215646,2026-04-07,21:56:46,completed,4.0,116,455,48,230.902302,0.502376975003047,7.8821215043581505,2.373774290084839,61,0.0,0.0,
unknown,core,v1-native-byte-transformer-20260407-214307,2026-04-07,21:43:07,completed,4.0,112,448,48,608.016427,0.18420554943328857,2.947288790932617,2.344865083694458,61,0.0,0.0,
unknown,core,v1-native-byte-transformer-20260407-202615,2026-04-07,20:26:15,completed,12.0,336,448,48,886.2184,0.3791390474402247,6.066224759043595,nan,61,0.0,0.0,
unknown,core,v1-native-byte-transformer-20260407-200837,2026-04-07,20:08:37,completed,12.0,336,448,48,875.510872,0.38377593099723384,6.140414895955741,0.00015385229198727757,61,0.0,0.0,
